곡명,주소
무지개,https://cdnimg.melon.co.kr/cm2/album/images/109/23/444/10923444_20220502140600_500.jpg?5bd42dcc031a23cd1cae99ae37a606aa/melon/resize/282/quality/80/optimize
봄날,https://cdnimg.melon.co.kr/cm/album/images/100/37/969/10037969_500.jpg?df3750c6152ad5e19ea6773a5faf71ba/melon/resize/282/quality/80/optimize
한 페이지가 될 수 있게,https://cdnimg.melon.co.kr/cm/album/images/103/07/346/10307346_500.jpg?84c9c2f6f52301ab6327b78cf41efe82/melon/resize/282/quality/80/optimize
너의 모든 순간,https://cdnimg.melon.co.kr/cm/album/images/022/32/505/2232505_500.jpg/melon/resize/282/quality/80/optimize
METEOR,https://cdnimg.melon.co.kr/cm2/album/images/103/59/162/10359162_500.jpg?8ff540be5e6849f5bfaef3741bb72793/melon/resize/282/quality/80/optimize
OHAYO MY NIGHT,https://cdnimg.melon.co.kr/cm2/album/images/104/47/520/10447520_20200619123343_500.jpg?fdfc086383c4200a0a47885934bf8a7c/melon/resize/282/quality/80/optimize
"어떻게 이별까지 사랑하겠어, 널 사랑하는 거지",https://cdnimg.melon.co.kr/cm2/album/images/103/31/947/10331947_500.jpg?c6e307f67cf7124ec13127cd60ab569f/melon/resize/282/quality/80/optimize
사건의 지평선,https://cdnimg.melon.co.kr/cm2/album/images/109/03/868/10903868_20220330103544_500.jpg?e89c53bde5d39b21b09e8007db5b9cc0/melon/resize/282/quality/80/optimize
다시 만날 수 있을까,https://cdnimg.melon.co.kr/cm2/album/images/109/23/444/10923444_20220502140600_500.jpg?5bd42dcc031a23cd1cae99ae37a606aa/melon/resize/282/quality/80/optimize
Dynamite,https://cdnimg.melon.co.kr/cm2/album/images/104/79/150/10479150_20200918102847_500.jpg?45d847d7dc536eecebd648786c2ea37c/melon/resize/282/quality/80/optimize
사랑인가 봐,https://cdnimg.melon.co.kr/cm2/album/images/108/71/162/10871162_20220217162422_500.jpg?d77ecb572464fd179c5e963a6fe0a351/melon/resize/282/quality/80/optimize
Ditto,https://cdnimg.melon.co.kr/cm2/album/images/111/27/145/11127145_20231213133532_500.jpg?42f8389c13de0f5f8e4c722bbb0d4bd7/melon/resize/282/quality/80/optimize
Life Goes On,https://cdnimg.melon.co.kr/cm2/album/images/105/21/521/10521521_20201120112220_500.jpg?68d84fc1979245d81f4f7cd367cc6f68/melon/resize/282/quality/80/optimize
Attention,https://cdnimg.melon.co.kr/cm2/album/images/110/11/565/11011565_20220801102637_500.jpg?1d674a44faffa0ebd34d86c182463171/melon/resize/282/quality/80/optimize
Blueming,https://cdnimg.melon.co.kr/cm2/album/images/103/46/650/10346650_500.jpg?14a08050b8c6adc879b6e0cf587d456a/melon/resize/282/quality/80/optimize
Snowman,https://cdnimg.melon.co.kr/cm2/album/images/101/07/511/10107511_20230102164649_500.jpg?dac4f08160a7df0809fd9624e96085dd/melon/resize/282/quality/80/optimize
사랑은 늘 도망가,https://cdnimg.melon.co.kr/cm2/album/images/107/35/654/10735654_20211008114339_500.jpg?7eeae0e5c1f24c5ae9fa04f626e74c34/melon/resize/282/quality/80/optimize
STAY,https://cdnimg.melon.co.kr/cm2/album/images/106/46/395/10646395_20210707141710_500.jpg?9e8cfc795c83ac2ab6b4f79f967a2a2e/melon/resize/282/quality/80/optimize
"모든 날, 모든 순간 (Every day, Every Moment)",https://cdnimg.melon.co.kr/cm/album/images/101/49/492/10149492_500.jpg?fa24fa8eabdd1e9e13759225831e2eec/melon/resize/282/quality/80/optimize
Small girl (feat. 도경수(D.O.)),https://cdnimg.melon.co.kr/cm2/album/images/115/17/951/11517951_20240620173412_500.jpg?925a63393f784e049b76a6fd04b05a1e/melon/resize/282/quality/80/optimize
"사이렌 Remix (Feat. UNEDUCATED KID, Paul Blanco)",https://cdnimg.melon.co.kr/cm2/album/images/105/80/227/10580227_20210319163608_500.jpg?2c3f1e488b711965f5f817fc8ee3a3ce/melon/resize/282/quality/80/optimize
취중고백,https://cdnimg.melon.co.kr/cm2/album/images/108/16/959/10816959_20211217144957_500.jpg?c1818ddc493cb2bbb4d268431e6de7b5/melon/resize/282/quality/80/optimize
Santa Tell Me,https://cdnimg.melon.co.kr/cm/album/images/022/92/117/2292117_500.jpg/melon/resize/282/quality/80/optimize
LOVE me,https://cdnimg.melon.co.kr/cm2/album/images/109/16/904/10916904_20220412101049_500.jpg?a7f6649d1e80e83e191d90670a576931/melon/resize/282/quality/80/optimize
Hype Boy,https://cdnimg.melon.co.kr/cm2/album/images/110/11/565/11011565_20220801102637_500.jpg?1d674a44faffa0ebd34d86c182463171/melon/resize/282/quality/80/optimize
Butter,https://cdnimg.melon.co.kr/cm2/album/images/106/12/483/10612483_20210521111412_500.jpg?1c2769f71815b15741622b61a75fb530/melon/resize/282/quality/80/optimize
TOMBOY,https://cdnimg.melon.co.kr/cm2/album/images/108/90/384/10890384_20220314111504_500.jpg?4b9dba7aeba43a4e0042eedb6b9865c1/melon/resize/282/quality/80/optimize
London Boy,https://cdnimg.melon.co.kr/cm2/album/images/111/02/375/11102375_20221115101140_500.jpg?75ac9d42dad4c9bee0a91ba960df1770/melon/resize/282/quality/80/optimize
눈이 오잖아(Feat.헤이즈),https://cdnimg.melon.co.kr/cm2/album/images/108/01/677/10801677_20211202181813_500.jpg?0dbebfc379c6b9edd29b9db943c32308/melon/resize/282/quality/80/optimize
다정히 내 이름을 부르면,https://cdnimg.melon.co.kr/cm2/album/images/106/10/525/10610525_20210518143433_500.jpg?e8c5aa44ff6608c13fa48eb6a20e81af/melon/resize/282/quality/80/optimize
