creator_id,creator_name
6971,안준영
1255886,Andrew Allen
653833,이치훈
2750810,Henry Walter
3750723,Ido Nadjar
3462448,김수형
3093351,이형석(PNP)
2083930,못말
3478501,TMM
2059609,AVIN (아빈)
711132,전형기
829831,Zara Larsson (Zara Maria Larsson)
3689654,Charli
780318,베리 (Rocoberry) (안영민)
443420,박재범
3571996,Morgan Connie Smith
781327,Lauren Aquilina (Lauren Amber Aquilina)
2138620,이무진
701495,Jenna Andrews
1605,바다 (BADA) (최성희)
1956086,김시온(KIM ZION)
60686,Sebastian Thott
2242475,Jeon Jin
4296,박근철
2896023,조수진
1460593,JUNZO
3207401,PLAVE
60272,이채규
3885,박근태
785501,디핵 (D-Hack)
1202647,Krysta Youngs
602180,차쿤
3689659,Jasmin Lee Maming
3128482,Teodor Herrgardh
3561409,신나리 (ARTiffect)
858125,케이시 (Kassy)
774083,김경희
788394,ARMADILLO
991183,FRNK
3680528,정다슬 (ARTiffect)
1285726,이현영
602123,심은지
13692,홍진영
2894571,Leah Haywood
2898185,손박사
960306,안지영
2911636,임수혁 (AIMING)
3061770,김석영
2916445,basecamp
859537,B.O.K (윤길복)
2403793,Moonshine
907465,David Dawood
2748606,Vince
2896926,백마리
2858833,Adam McInnis
511981,김이나
4353,심현보
43739,박세준
785579,WOOGIE
4676,조영수
2641415,Charlotte Wilson
3574390,Jimmy Burney (153/Joombas)
995173,제니 (JENNIE)
719043,Shaun Kim
1050107,소연 (SOYEON)
752425,폴킴
2638174,Julia Ross
3689696,Alex Fernandez
2139980,Candace Nicole Sosa
257459,박민지
12788,박지원
3620519,dazy
723211,임광균
6232,김현성
890446,Nmore (이항규)
606458,Slow Rabbit (권도형)
3749000,Sophie Leigh McBurnie
605902,TEDDY (박홍준)
1865473,황인욱
2560319,Rockitman
2403002,비비 (BIBI)
894861,Sophie Simmons
2731429,Perrie
685124,MUSOH
1704486,Moa “Cazzi Opeia” Carlebecker
610840,imsuho
3069364,Kristin Marie
2756628,Hautboi Rich
1841,유해준
2751022,Matt Thomson
979158,Chris James (Christopher James Brenner)
510537,신용재 (2F)
756531,화사 (HWASA)
627331,DEE.P
2939015,Stephen Kirk
261143,아이유 (이지은)
1285827,문성욱
995174,지수 (JISOO)
994501,시황
857586,Hanif Hitmanic Sabzevari
3064156,Taylor Monet Parks
2949569,Willemijn van der Neut
741850,Megatone (13)
982324,Mantra
642031,Egg2
1702434,최인환
3093395,우지민
2878391,Amy Allen
2399724,YENA (최예나)
2165,보아 (BoA) (권보아)
3112334,Jessica Pierpoint
1790,박혜경
6003,윤민석
2190430,TOIL
2903519,Jia Lih à Alex Jia Lih Hiew
413041,엔느
608880,박수석
2895877,David Wilson
2927943,OGI (GALACTIKA *)
641751,한상원
276166,검정치마 (조휴일)
1203128,ADORA
205746,황치열
839736,김민석
2020891,정진욱
2736643,Alawn
540661,홍갑
916187,안신애
612435,황현 (MonoTree)
858547,탐쓴 (TOMSSON)
2867219,Nathalie Boone
2631066,Zikai
3132364,Paulina “PAU” Cerrilla
718939,Stally
880720,리베 피아노 (신성진)
3454131,Anders Gukko
2961911,Stephen Puth
2190059,백곰
2939017,Alex Bilowitz
868677,WOOZI (이지훈)
2855673,Sleep Deez
202529,gong (공)
3320348,Christopher Smith
532029,빈지노 (Beenzino)
2880147,구여름
2639287,Max Lynedoch Graham
844304,Andrew Scott
2731797,high seAson
2855685,Martin Sjølie
789402,김민기 (김민기)
4339130,author®
916604,Pontus PJ Ljung
772257,유영현
2398904,노이즈마스터민수 (noisemasterminsu)
3264,개코
2917119,Lauritz Emil Christiansen
761272,Lennon (문재민)
2855679,Antonina Armato
633071,R.Tee
1049964,전병일
875079,August Rigo
751133,Neil Ormandy
2642635,심진
2625699,Feli Ferraro
447901,폴린딜드 (Fallin' Dild) (윤창서)
2751037,GHSTLOOP
696941,전태익
2006970,빅가이로빈 (bigguyrobin)
2867643,정혜원
751073,Moon Kim (Room01)
760762,JS
790514,Hayden Chapman
601912,Jeon Goon (전승현)
683631,주호 (이주호)
3100715,이토르 (라라라스튜디오)
1648,유건형
3122332,D. Fekaris
2879424,Henrik Michelsen
197928,짙은 (성용욱)
875358,임정규
2855688,Audien
487740,Rado (송주영)
674327,이래언
2622024,제인스 (Jayins)
585492,기리보이 (홍시영)
608046,똘아이박 (박현중)
640931,이단옆차기
779912,Brian Lee
2019558,김승수
1767,김윤아
563552,민연재
789082,새봄 (saevom)
1814961,Kass
2402476,viewhorse
2619895,Arto
776561,Fisherman (이석빈)
3614649,Austin Nicole Wolfe
1049983,안성현 (펀치사운드)
510242,숀 (SHAUN)
2006131,Kako
247621,태양 (동영배)
3106439,Benjmn
3051676,벨 (KISS OF LIFE)
725989,V (김태형)
788430,전주현
3107709,Stella Jones (153/Joombas)
2748273,신수윤
881236,James F. Reynolds
3093354,emmy kasai
628831,FLYT
2926813,Glenn
5926,박성일
2855670,LUTRA
1458453,Steven Lee (이승재)
724188,Gavin Jones
18,설운도 (이영춘)
874344,도겸
20038,광진
2937857,유종호
567813,허클베리피 (Huckleberry P)
2139978,송재경
2950352,Steve Mac
2635617,Chloe Copoloff
960342,GALAX
774900,창모 (CHANGMO)
714723,멧돼지 (박성수)
993719,No Identity (노 아이덴티티)
27619,전창엽
608334,김호경
3470799,Fine Glindvad Jensen
3072079,Kris Jana
3156916,키나
3227395,장은지 (153/Joombas)
2189803,범진
1758459,윤토벤
2938064,Hanbin Kim
1957885,Adien Lewis
773447,밍지션
4573,MGR (박용찬)
241227,베이식 (Basick)
2926889,Jess Morgan
3262,최자
2753718,Louie
3957494,Christopher Brody Brown
604,박경구
721526,최상언
2901535,신성진
781,박광현
712453,이찬혁
2939019,Sebastian Garcia
1829,이세준(유리상자)
2754651,Chin
895386,성진 (DAY6) (박성진)
585791,JohnJohn
724344,Hayley Aitken
1870,양현석
748528,Tich (Rachel Furner)
418361,마부스 (Maboos) (임성렬)
944323,VINCENZO
612441,Anne Judith Wik (Anne Judith Stokke Wik)
3616,윤사라
2559695,Surf Green
782988,진리 (Full8loom) (이지원)
9388,방준석
979270,룬디 블루스 (Lundi Blues)
3157387,Joh!
925515,오반(OVAN)
756340,24
680692,정수민(SSMusic)
170978,팔로알토 (Paloalto)
944449,Jack (임재욱)
944275,웅킴
3139066,Zzz.
2112493,김하온 (HAON)
2868971,Ben Samama
857998,미미 (오마이걸)
725991,RM (김남준)
2748625,Dominsuk
4681,양재선
3087238,Nick Hahn
774375,형광소년 (김예슬)
3093396,정수완
2940751,박준우
3233246,EVAN
3135555,박강일 (Rebuild)
3811794,길정진 (Jamfactory)
3320320,Eline Noelia Myreng
3957499,Omer Fedi
612432,조윤경
725987,정국 (전정국)
685087,Dr.JO
2762915,박강일
1458723,EJAE (김은재)
790513,Greg Bonnick
872,오태호
721980,구름
2892056,Jossh
151315,윤민수(바이브)
991776,던 (DAWN)
2867062,Lauritz Christiansen
3087234,Elle Campbell
2944161,Factist
3080986,JENCI
915226,Watt (Andrew Watt)
778337,Anders Nilsen
637731,Maxx Song
2086744,Kyler Niko
3454144,Max Thulin
3610638,마젠타
2735646,VVN
2882221,salem ilese
1759925,서동환
2084169,Afshin Salmani
2636453,Naiv
913581,VAN.C (이해찬)
698776,백예린 (Yerin Baek)
3806705,Stella Bennett
2893942,FRIDAY. (GALACTIKA *)
1702683,김희원
8847,장용진
1759392,Oneye
2398376,Zaya (153/Joombas)
772715,Rodnae 'Chikk' Bell
3093394,장재원
3055641,Sofia Quinn
3136140,김규범
826893,Mario Marchetti
54478,최규성
943259,Bekuh BOOM
1142,임창정
778979,72
740021,Ludwig Lindell
827434,Hash Swan
49694,김정배
2917118,Jeppe London Bilsby
2637232,민재현
214784,이수 (엠씨더맥스)
696412,송성경
1907445,박문치
2931579,Peridot
2622534,리트너
13476,함준석
3100717,Patricia “Tricia” Battani
2867060,Jeppe London
2560907,BXN
2938344,Sophie Curtis
261071,송봉주 (자전거 탄 풍경)
2894574,Rob Grimaldi
2113114,백아
632611,KingMing (김보민)
672461,넉살 (이준영)
710659,Supreme Boi
602056,지코 (ZICO)
2398550,박준우
773205,MAX (Max Schneider)
3320358,RISC
12943,2soo
12081,로빈(ROVIN) (전정환)
666058,AVENUE 52
247903,KZ
3879530,Joel Malka
2855692,Wille Tannergard
3100716,Steve Octave
635719,이우민 'collapsedone'
923991,박기태
2866523,미란이 (MIRANI)
924416,SUMIN (수민)
2855668,Hilda Stenmalm
3946370,PXPILLON
60685,Didrik Thott
27744,The Quiett (신동갑)
612462,김은수
3610893,이동혁
566431,마크툽 (MAKTUB)
3116925,Gigi
2740596,Jaero
9712,강태규
995171,로제 (ROSÉ)
790516,LDN Noise
2020029,ROCK IT PRODUCTIONS
1134491,OLLIPOP
2085020,Zior Park
2242048,Sarah Aarons
3320345,Fin Dow Smith
725986,진 (김석진)
3060592,Risto Armas Asikainen
2855693,Gusten Dahlqvist
2867316,Hadar Adora
2881291,LIL G
839732,멜로망스
3122333,Iselin Solheim
2400353,Young Chance
1965,정재형
777562,Melanie Fontana (Melanie Joy Fontana)
2400790,The Wavys
16968,PHILL (강필성)
3087232,Sophia Brenan
782776,Jake K (ARTiffect)
32783,이도연
9055,전영호
883258,Dem Jointz
781005,어깨깡패
3879529,홍은희(Jamfactory)
3305,성시경
991788,Rosina 'Soaky' Russell
2863994,27 corazones
3237,이상순
444580,고태영
673,강은경
607427,CR KIM
1703164,윤일진
2969382,Kirsten Collins
3103012,Dan Gleyzer
610062,양시온
2020520,인재 (방인재)
2402069,OBSN (우비소년)
1230217,Minit
612483,CHOICE37
3749523,Rizin (153/Joombas)
3116665,하니(HANNI)
1050222,네이슨 (NATHAN)
916603,Dennis DeKo Kordnejad
2931169,FLIP_00
994944,임영웅
1130,박진영
20201,이상규
3206190,박현중
731775,조은영
2854860,Elum
2744750,BIG Naughty (서동현)
2945402,Paige Garabito
1202385,Louise Frick Sveen
6255,박준배
3471,이근상
614871,Joohyoung (MonoTree)
990815,Cashbanger
3459292,Cirkut
827439,이라온
957863,투챔프 (Alive Nation)
717179,이스란
2639289,Ryan Lawrie
2637208,K.imazine
980594,블루 (BLOO)
2854631,BuildingOwner
602391,이유진
3454601,Ennio Morricone
2925591,GESTURE
3116664,민지(MINJI)
2867058,Celine Svanback
2296984,권지윤
203912,윤하 (YOUNHA) (고윤하)
2750866,PATEKO (파테코)
773385,우효
537920,Zion.T (김해솔)
2758756,BE'O (비오)
2940838,Likey
2894566,LØREN
6984,G-DRAGON
1703507,Khundi Panda
2745413,머쉬베놈 (MUSHVENOM)
1989795,Vince Nantes
1865770,임미란
2112929,레드쿠키
2399452,이해솔
875080,Josh Cumbee
943511,pH-1 (박준원)
2639796,Ronnie Icon
1203125,Peter Ibsen
2730026,Bobblehead
3236197,Lise Reppe
2007080,트웰브 (twlv)
748732,Keymaker
3236194,Emily Harbakk
622071,홍지상
2190842,메이커 (Maker) (최은철)
3461128,Waker (153/Joombas)
551760,도니제이 (장동균)
747828,Cazzi Opeia (Moa Anna Maria Carlebecker)
640712,250
2900110,N!ko
673423,Andreas Oberg
946140,황선호
2749946,AHIN
2189536,송이한
2746735,미후왕
875085,Tay Jasper
3572006,Taneisha Jackson
3470800,Frankie Scoca
3231903,BB Elliot
792171,김지환
2855683,Jessie Lauryn Foutz
19,조용필
2746431,Ohway!
426860,용감한 형제
868682,호시
2645474,JEWNO (손준호)
2754650,CK
839379,Daniel Davidsen
2742406,Kevin Jacoutot
620071,Wonderkid
748263,엉클샘
3454134,Makaila J Garcia
3957502,Nicholas Chinn
722722,스텔라장 (Stella Jang)
3472605,Theron Makiel Thomas
3750722,Lewis Jankel
1459376,조세희
856407,강민훈
3750560,Sandra Wikström
2924494,LP
2736295,캥거루
944881,DOKO (도코)
2878598,강봄
3470802,Kristine Bogan
3116666,다니엘(DANIELLE)
1702472,원슈타인
602271,PEEJAY (박정철)
2935163,LYRE
2867136,이기환
634991,김수빈(AIMING)
861136,김홍준
602471,핫펠트 (HA:TFELT)
56789,Hyuk Shin (153/Joombas)
3493,양정승
1814067,RoseInPeace
642013,Egg1
2735847,Daniel Caesar
3127498,이은화 (153/Joombas)
968260,전소미
2756824,송기영
2631117,노이 (이소희)
2566859,Erika de Casier
990746,리카 C
719805,The O (더 오)
2203861,Ludvig Evers
1816,G. 고릴라 (고현기)
2139979,Jordan “DJ Swivel” Young
2855684,Ellis Miah
2639284,Emily Weisband
2947942,Shintaro Yasuda
653952,채정은
2875139,마오 (MaO)
2299823,DAMIAN (다미안)
861336,Halsey
3759115,Kloe Latimer
906533,Julia Michaels
2295598,Peder Elias
3320372,Kristoffer Tømmerbakke
2745776,늑대
41415,전종혁
778973,B.E.P
2736890,황두완
2956876,MCK (ARTiffect)
1088,이적
3093330,허윤진
858851,그루비룸 (GroovyRoom)
1648191,Jessica Agombar
981837,Rayker Dane
781017,황유빈 (XYXX)
778848,Pop Time (박지용)
608455,KUSH
786648,식케이 (Sik-K) (권민식)
763813,로코베리
47789,박진호
175155,먼데이 키즈
725988,SUGA (민윤기)
787227,페노메코 (PENOMECO)
170616,남혜승
4626,서동성
35628,허석
2740729,Ellie Suh (153/Joombas)
958165,Slom
994390,방혜현
2640423,Janet Suhh (자넷서)
445720,지훈
3122328,Andrè Jensen
2243939,서정아
2636153,이영지
698224,Marcus Andersson
608300,VMX(바닐라맨)
725984,j-hope (정호석)
2859608,홍훈기
243232,용준형
611542,조용민
nan,조용민
1461084,한밤 (Midnight)
924443,Danny Chung
958643,Donny
751611,헤이즈 (Heize)
3613014,"Jorge Luis Perez, Jr."
2891287,Sonny
2637391,Ji Soo Park (Chapter M)
3804145,Paris Alexa
3374493,정은기
3236196,Kyle Joseph Faulkner
839735,정동환 (멜로망스)
967408,GiiANA
2118144,Sean Turk
3122331,F. Perren
785725,차메인 (ChaMane)
2967881,Jason Hahs
2635463,John John
751075,수윤 (Sooyoon) (김수윤)
673527,홍소진
2895886,Jack Brady
1066118,문설리
2896916,I.AN
3808,김진아
176393,제시 (Jessi)
906888,Jayrah Gibson
2140104,해구
2855694,Elohim
3865,싸이 (PSY)
12415,박덕정
611111,이진실
3320355,Starsmith
3157451,Adam Von Mentzer
2619696,키야
46877,이상준
2946876,상록수
38339,이재우
1866686,Padi (페디)
2895623,은비
3093357,JARO
725985,지민 (박지민)
274866,김도훈 (RBW)
2088048,Scott Stoddart
915828,조셉 케이
722679,EL CAPITXN
742773,MINO (송민호)
3106256,Gemma
2400067,SLAY (슬레이)
958668,Michel Sebastian Maximilian Schulz
2880151,김키위
202528,음유시인
152192,T.O.P (최승현)
773485,제휘 (김제휘)
2867059,Chloe Latimer
991182,김심야
3454140,Arineh Karimi
2634982,서재환
2972563,Emma-Lee Andersson
225993,최현준 (V.O.S) (최현준)
3116671,해린(HAERIN)
672625,GRAY (그레이)
3879531,황재현
2296974,bayb
2761343,AIMING
3462447,물고기
2633030,O.YEON
2084995,danke
868679,Vernon
1758439,김혜정
2559697,미아(153/Joombas)
1703036,OKOK (오케이오케이)
943079,Paul Blanco
2297197,한아영
3048947,Strawberrybananaclub
2242706,이이진
602061,BUMZU
237650,이진성 (먼데이 키즈)
2892835,Niklas Jarelius Persson
763974,권지수 (권지수)
1865555,L.NDN (런던)
3978398,Marcus “MarcLo” Lomax
8933,김C (김대원)
2112495,ASH ISLAND (윤진영)
615734,장연정
868678,S.COUPS (최승철)
2935569,전명훈
2639302,유상균
3688384,Rogét Chahayed
2931872,박민주
772258,잔나비 최정훈
786888,LTAK (이탁현)
2755798,The TRINITY
714604,Maria Marcus
2899557,카리나 (KARINA)
708751,Philip Lawrence
1459544,Arlissa Ruppert
12835,고범준
59287,김태훈
612437,Nermin Harambasic
3614,이현도
828526,Ninos Hanna
3100548,차리 (153/Joombas)
2006833,김연서
720541,1601
3689664,Jordyn Smith
839380,Peter Wallevik
861811,G'harah 'PK' Degeddingseze
2137950,Laurell
2899436,Marcia Sondeijker
2642636,박재희
2939020,Ron Perry
3062390,Heon Seo (헌서)
182123,David Guetta (Pierre David Guetta)
740041,Olof Lindskog
771375,적재 (정재원)
1758583,두번째 별
168642,Pdogg
895387,eaJ
603784,Fraktal
611343,장기하
2763997,Clyde Kelly
875332,권수현(AIMING)
874347,승관
3090135,지훈
2019282,SAEKI youthK (RzC)
2907660,SIAHN
738480,박재정
602674,김희탐
3116926,Duckbay (Cosmos Studios Stockholm)
923695,엑시 (우주소녀)
2117527,Colin Magalong
2867054,Andreas Johansson
736322,박지환
202530,염따 (염현수)
2935,김목경
226587,딥플로우 (류상구)
946797,MZMC
2879425,Sophie 'Frances' Cooke
2862204,l.vin (Chapter M)
4293,류재현
580553,최성일
3236195,Tea Carpenter
2914866,dwilly
3748995,제임스
2751687,Oscar Scheller
3093352,PAU
3074676,신혜미(PNP)
674710,Crush (신효섭)
777544,Ylva Dimberg
2630993,VIP
2946686,최송희 (ONCLASSA)
2935363,rubyboyyisthegenius
2751673,유정현
2880487,주시크 (Joosiq)
873690,Jon Bellion
14993,정바비
719219,MNEK (Uzoechi Osisioma Emenike)
3203384,Louise Udin
882672,경재승
2854856,고현정 (Jamfactory)
714255,알고보니 혼수상태
428,유유진
2973311,Josh McClelland
3093358,BLVSH
2295313,Mr.Black
10515,한성호
753294,한길
648551,장범준
2855691,Ellen Berg
46492,김건우
100094,자우림
52245,Michael Chapman (Michael Robert Chapman)
2899115,과카 (KWACA)
2298855,Skinny Brown
685055,성수용
631031,서지음
3576,원상우
3093356,Nikolay Mohr
3959,나얼
686367,T-SK (Chizaki Taisuke)
609972,안복진
3236198,Audun Agnar Guldbrandsen
827322,김승민
164737,ILLSON (손창일)
623251,릴보이 (lIlBOI) (오승택)
3227394,Taet Chesterton
861809,Ryan S. Jhun
4044,위종수
237968,이상훈
1229593,사승호
2876891,교교 (gyogyo)
2862839,JAEHA (재하)
627051,서원진
633731,박우상 (LOGOS)
2887580,HOFF
1460343,고선생
3566,강화성
2631700,Blush Davis
2204052,Isabella LoveStory
3806703,Elvira Anderfjard
3689679,Joseph Barrios
3679765,WASURENAI
2895887,Jordan Roman
2858742,team GALACTIKA *
47111,이승주
3203382,Mac Felländer-Tsai
3059039,송유
3054048,Kristin Carpenter
446175,브라더수 (김형수)
3136139,김태영
9467,이요한
2641293,은희영
1866677,willy
2935568,박민수
605098,KENZIE (김연정)
3461461,Maryjane(라라라스튜디오)
602104,별들의 전쟁 (GALACTIKA *)
2203860,Jonatan Gusmark
959232,이규형
895733,Dwayne Abernathy Jr.
696850,earattack
786499,저스디스 (JUSTHIS)
625291,김동휘
1866689,우원재
2855672,Printz Board
1844,강현민
3454133,Glenda “Gizzle” Proby
895390,원필 (DAY6) (김원필)
468244,10CM
2747971,먼치맨(MUNCHMAN)
37626,앤드 (김지환)
2880279,최현석
2403470,NONFICTION
645671,박강일
747509,Noheul(노을)
967229,릴러말즈 (Leellamarz)
2858715,우빈
1024478,Dingo (딩고) (동우석)
1030,유영진
609561,서용배 (TENTEN)
713986,덕인 (강덕인)
3121927,IDO
828992,SCORE(13)
904925,BRLLNT
612485,강지원
2873562,JINBYJIN
2887250,David Stewart
1024715,김효은
3853,윤명선
3257247,박주현
2633319,Theron Thomas
3455360,하성호
2007637,UNEDUCATED KID
22938,선미 (이선미)
1033,주영훈
4079,방시혁
978350,Wkly
3748994,마틴
756529,문별 (마마무)
2890079,PhD
1705340,MILLENNIUM
549800,Ed Sheeran
2855690,Etta Zelmani
6974,김영욱
2881111,린다G
875016,이도형 (AUG)
2855667,Tom Wiklund
964103,Tove Burman
2900472,623
868394,솔희 (SOHLHEE)
3454142,Maia Wright
236815,다비치
873855,EastWest
3060838,이혜준(ONCLASSA)
2622003,진솔
428847,사이먼 도미닉
2971650,Daily
680219,이윤혁
606302,고영배
826720,FRANTS (최석)
3806704,Oscar Bell
3100257,David Arkwright
2872412,Peter Rycroft (aka Lostboy)
1758811,Anna Timgren
642051,Egg3
60168,이종훈
3613012,"Amanda ""Kiddo A.I."" Ibanez"
3478488,세영 (153/Joombas)
495811,Bruno Mars (Peter Gene Hernandez)
2561475,sokodomo (양승호)
3807247,Leslie (XYXX)
772255,잔나비 김도형
2967244,Josefin Glenmark
10578,최갑원
2955788,Ayushy (THE HUB)
2909487,Saimon
719719,찬란(CHANRAN)
958041,Justin Tranter (JUSTIN DREW TRANTER)
3454135,Believve
1285300,Latto (Alyssa Michelle Stephens)
160738,노블레스 (유성규)
2918024,방민규
2633230,Destiny Rogers
2885367,KIXO (키조)
3064434,yeol
895389,Young K (DAY6) (강영현)
3251,황인현
471581,나들
2890277,Johnny McDaid
45162,영준 (고영준)
2958898,오현선 (lalala studio)
1240034,glowingdog (글로잉독)
2855674,Richelle Alleyne
410161,길 (길성준)
